"0-4357","Product Line0",""
"1-3371","Product Line1",""
"2-2498","Product Line2",""
"3-1988","Product Line3",""
"4-9302","Product Line4",""
"5-9494","Product Line5",""
"6-9755","Product Line6",""
"7-8936","Product Line7",""
"8-5417","Product Line8",""
"9-9495","Product Line9",""
"10-305","Product Line10",""
"11-5177","Product Line11",""
"12-1329","Product Line12",""
"13-1008","Product Line13",""
"14-4436","Product Line14",""
"15-5309","Product Line15",""
"16-4232","Product Line16",""
"17-2369","Product Line17",""
"18-4123","Product Line18",""
"19-7939","Product Line19",""
"20-6943","Product Line20",""
"21-4671","Product Line21",""
"22-4008","Product Line22",""
"23-2553","Product Line23",""
"24-8167","Product Line24",""
"25-6274","Product Line25",""
"26-4965","Product Line26",""
"27-6518","Product Line27",""
"28-2513","Product Line28",""
"29-2843","Product Line29",""
"30-9664","Product Line30",""
"31-8699","Product Line31",""
"32-4438","Product Line32",""
"33-7911","Product Line33",""
"34-7640","Product Line34",""
"35-9288","Product Line35",""
"36-3729","Product Line36",""
"37-7963","Product Line37",""
"38-6659","Product Line38",""
"39-6359","Product Line39",""
"40-1338","Product Line40",""
"41-2783","Product Line41",""
"42-2846","Product Line42",""
"43-3456","Product Line43",""
"44-4194","Product Line44",""
"45-5553","Product Line45",""
"46-7017","Product Line46",""
"47-3582","Product Line47",""
"48-1484","Product Line48",""
"49-3485","Product Line49",""
"50-3601","Product Line50",""
"51-6873","Product Line51",""
"52-3254","Product Line52",""
"53-593","Product Line53",""
"54-5556","Product Line54",""
"55-3885","Product Line55",""
"56-7075","Product Line56",""
"57-8152","Product Line57",""
"58-8744","Product Line58",""
"59-3566","Product Line59",""
"60-7817","Product Line60",""
"61-5441","Product Line61",""
"62-7206","Product Line62",""
"63-9536","Product Line63",""
"64-706","Product Line64",""
"65-5348","Product Line65",""
"66-4138","Product Line66",""
"67-1815","Product Line67",""
"68-5036","Product Line68",""
"69-8583","Product Line69",""
"70-5211","Product Line70",""
"71-7642","Product Line71",""
"72-3754","Product Line72",""
"73-1474","Product Line73",""
"74-3058","Product Line74",""
"75-2945","Product Line75",""
"76-1361","Product Line76",""
"77-2847","Product Line77",""
"78-3960","Product Line78",""
"79-516","Product Line79",""
"80-6374","Product Line80",""
"81-2106","Product Line81",""
"82-1016","Product Line82",""
"83-1745","Product Line83",""
"84-1004","Product Line84",""
"85-3064","Product Line85",""
"86-5994","Product Line86",""
"87-1369","Product Line87",""
"88-1635","Product Line88",""
"89-9833","Product Line89",""
"90-8431","Product Line90",""
"91-5422","Product Line91",""
"92-619","Product Line92",""
"93-1003","Product Line93",""
"94-1973","Product Line94",""
"95-6225","Product Line95",""
"96-439","Product Line96",""
"97-459","Product Line97",""
"98-2569","Product Line98",""
"99-9457","Product Line99",""
"100-2131","Product Line100",""
"101-7799","Product Line101",""
"102-2810","Product Line102",""
"103-2864","Product Line103",""
"104-2182","Product Line104",""
"105-3620","Product Line105",""
"106-2263","Product Line106",""
"107-1127","Product Line107",""
"108-9060","Product Line108",""
"109-8743","Product Line109",""
"110-3959","Product Line110",""
"111-9182","Product Line111",""
"112-5691","Product Line112",""
"113-1525","Product Line113",""
"114-5892","Product Line114",""
"115-1772","Product Line115",""
"116-9459","Product Line116",""
"117-1335","Product Line117",""
"118-9397","Product Line118",""
"119-14","Product Line119",""
"120-6944","Product Line120",""
"121-4159","Product Line121",""
"122-8235","Product Line122",""
"123-2324","Product Line123",""
"124-79","Product Line124",""
"125-1360","Product Line125",""
"126-9123","Product Line126",""
"127-7763","Product Line127",""
"128-6009","Product Line128",""
"129-5547","Product Line129",""
"130-4508","Product Line130",""
"131-6392","Product Line131",""
"132-6604","Product Line132",""
"133-4750","Product Line133",""
"134-919","Product Line134",""
"135-6421","Product Line135",""
"136-6585","Product Line136",""
"137-8761","Product Line137",""
"138-9094","Product Line138",""
"139-1860","Product Line139",""
"140-6203","Product Line140",""
"141-1338","Product Line141",""
"142-5730","Product Line142",""
"143-5670","Product Line143",""
"144-7218","Product Line144",""
"145-6695","Product Line145",""
"146-1199","Product Line146",""
"147-2540","Product Line147",""
"148-226","Product Line148",""
"149-9353","Product Line149",""
"150-2298","Product Line150",""
"151-5515","Product Line151",""
"152-132","Product Line152",""
"153-8171","Product Line153",""
"154-6462","Product Line154",""
"155-3529","Product Line155",""
"156-4073","Product Line156",""
"157-3681","Product Line157",""
"158-1428","Product Line158",""
"159-1255","Product Line159",""
"160-4017","Product Line160",""
"161-1759","Product Line161",""
"162-9376","Product Line162",""
"163-3192","Product Line163",""
"164-9818","Product Line164",""
"165-72","Product Line165",""
"166-6930","Product Line166",""
"0-6172","Product Group0","102-2810"
"1-8890","Product Group1","66-4138"
"2-5288","Product Group2","164-9818"
"3-891","Product Group3","157-3681"
"4-9533","Product Group4","111-9182"
"5-9711","Product Group5","91-5422"
"6-5914","Product Group6","39-6359"
"7-7996","Product Group7","139-1860"
"8-4517","Product Group8","43-3456"
"9-1857","Product Group9","15-5309"
"10-6015","Product Group10","104-2182"
"11-3628","Product Group11","92-619"
"12-9369","Product Group12","49-3485"
"13-8624","Product Group13","7-8936"
"14-2559","Product Group14","85-3064"
"15-6510","Product Group15","26-4965"
"16-9248","Product Group16","12-1329"
"17-1283","Product Group17","126-9123"
"18-7494","Product Group18","134-919"
"19-595","Product Group19","98-2569"
"20-6616","Product Group20","158-1428"
"21-4924","Product Group21","152-132"
"22-4785","Product Group22","156-4073"
"23-5783","Product Group23","152-132"
"24-1677","Product Group24","49-3485"
"25-1227","Product Group25","21-4671"
"26-6927","Product Group26","131-6392"
"27-9041","Product Group27","131-6392"
"28-7882","Product Group28","64-706"
"29-9951","Product Group29","163-3192"
"30-8065","Product Group30","75-2945"
"31-9574","Product Group31","5-9494"
"32-9696","Product Group32","102-2810"
"33-9663","Product Group33","145-6695"
"34-3707","Product Group34","29-2843"
"35-9298","Product Group35","17-2369"
"36-1695","Product Group36","97-459"
"37-842","Product Group37","82-1016"
"38-4116","Product Group38","44-4194"
"39-4757","Product Group39","151-5515"
"40-885","Product Group40","44-4194"
"41-563","Product Group41","28-2513"
"42-9646","Product Group42","130-4508"
"43-7807","Product Group43","161-1759"
"44-4018","Product Group44","100-2131"
"45-252","Product Group45","114-5892"
"46-3379","Product Group46","166-6930"
"47-2437","Product Group47","105-3620"
"48-272","Product Group48","141-1338"
"49-5891","Product Group49","73-1474"
"50-8005","Product Group50","27-6518"
"51-7050","Product Group51","35-9288"
"52-6036","Product Group52","87-1369"
"53-5155","Product Group53","130-4508"
"54-1675","Product Group54","162-9376"
"55-381","Product Group55","83-1745"
"56-9460","Product Group56","27-6518"
"57-4833","Product Group57","38-6659"
"58-2167","Product Group58","18-4123"
"59-5054","Product Group59","10-305"
"60-2317","Product Group60","65-5348"
"61-7280","Product Group61","149-9353"
"62-1479","Product Group62","8-5417"
"63-3014","Product Group63","8-5417"
"64-8511","Product Group64","33-7911"
"65-1911","Product Group65","104-2182"
"66-7204","Product Group66","67-1815"
"67-2390","Product Group67","149-9353"
"68-9066","Product Group68","55-3885"
"69-8514","Product Group69","94-1973"
"70-5906","Product Group70","131-6392"
"71-7423","Product Group71","51-6873"
"72-4019","Product Group72","4-9302"
"73-742","Product Group73","5-9494"
"74-8470","Product Group74","36-3729"
"75-8711","Product Group75","36-3729"
"76-3667","Product Group76","32-4438"
"77-9784","Product Group77","33-7911"
"78-1718","Product Group78","22-4008"
"79-1009","Product Group79","123-2324"
"80-3832","Product Group80","1-3371"
"81-3247","Product Group81","4-9302"
"82-5495","Product Group82","67-1815"
"83-9446","Product Group83","136-6585"
"84-7110","Product Group84","88-1635"
"85-932","Product Group85","104-2182"
"86-3133","Product Group86","108-9060"
"87-621","Product Group87","155-3529"
"88-8758","Product Group88","15-5309"
"89-6118","Product Group89","106-2263"
"90-3071","Product Group90","50-3601"
"91-1409","Product Group91","73-1474"
"92-5949","Product Group92","73-1474"
"93-7177","Product Group93","150-2298"
"94-1095","Product Group94","124-79"
"95-1241","Product Group95","135-6421"
"96-2541","Product Group96","160-4017"
"97-3920","Product Group97","4-9302"
"98-6431","Product Group98","98-2569"
"99-7405","Product Group99","56-7075"
"100-3778","Product Group100","136-6585"
"101-3907","Product Group101","23-2553"
"102-9767","Product Group102","135-6421"
"103-815","Product Group103","49-3485"
"104-1816","Product Group104","110-3959"
"105-1764","Product Group105","99-9457"
"106-8197","Product Group106","85-3064"
"107-5341","Product Group107","60-7817"
"108-3908","Product Group108","48-1484"
"109-3557","Product Group109","155-3529"
"110-8905","Product Group110","29-2843"
"111-875","Product Group111","4-9302"
"112-4368","Product Group112","166-6930"
"113-4610","Product Group113","138-9094"
"114-8426","Product Group114","5-9494"
"115-4264","Product Group115","3-1988"
"116-9493","Product Group116","58-8744"
"117-5903","Product Group117","113-1525"
"118-8966","Product Group118","22-4008"
"119-1125","Product Group119","84-1004"
"120-7034","Product Group120","149-9353"
"121-5169","Product Group121","67-1815"
"122-5278","Product Group122","157-3681"
"123-2813","Product Group123","86-5994"
"124-1671","Product Group124","27-6518"
"125-5809","Product Group125","36-3729"
"126-2434","Product Group126","21-4671"
"127-1869","Product Group127","91-5422"
"128-3956","Product Group128","53-593"
"129-9867","Product Group129","71-7642"
"130-9066","Product Group130","133-4750"
"131-367","Product Group131","144-7218"
"132-8565","Product Group132","69-8583"
"133-1530","Product Group133","16-4232"
"134-1699","Product Group134","63-9536"
"135-8794","Product Group135","148-226"
"136-72","Product Group136","85-3064"
"137-1619","Product Group137","67-1815"
"138-3300","Product Group138","83-1745"
"139-5871","Product Group139","124-79"
"140-8637","Product Group140","74-3058"
"141-6939","Product Group141","20-6943"
"142-6052","Product Group142","34-7640"
"143-7736","Product Group143","112-5691"
"144-2713","Product Group144","74-3058"
"145-8950","Product Group145","78-3960"
"146-5472","Product Group146","53-593"
"147-4159","Product Group147","73-1474"
"148-6512","Product Group148","122-8235"
"149-8091","Product Group149","156-4073"
"150-3054","Product Group150","40-1338"
"151-1541","Product Group151","125-1360"
"152-8018","Product Group152","94-1973"
"153-7200","Product Group153","4-9302"
"154-2155","Product Group154","40-1338"
"155-1772","Product Group155","10-305"
"156-4720","Product Group156","104-2182"
"157-9965","Product Group157","60-7817"
"158-6055","Product Group158","24-8167"
"159-7634","Product Group159","119-14"
"160-2882","Product Group160","61-5441"
"161-7826","Product Group161","35-9288"
"162-602","Product Group162","17-2369"
"163-9316","Product Group163","127-7763"
"164-1735","Product Group164","2-2498"
"165-4304","Product Group165","161-1759"
"166-4606","Product Group166","96-439"
"167-7083","Product Group167","10-305"
"168-4504","Product Group168","18-4123"
"169-7032","Product Group169","74-3058"
"170-7692","Product Group170","105-3620"
"171-5641","Product Group171","78-3960"
"172-4946","Product Group172","51-6873"
"173-4987","Product Group173","141-1338"
"174-1457","Product Group174","122-8235"
"175-3237","Product Group175","147-2540"
"176-9089","Product Group176","70-5211"
"177-2539","Product Group177","105-3620"
"178-8822","Product Group178","48-1484"
"179-4321","Product Group179","95-6225"
"180-4776","Product Group180","124-79"
"181-7997","Product Group181","7-8936"
"182-5572","Product Group182","32-4438"
"183-3734","Product Group183","111-9182"
"184-6784","Product Group184","145-6695"
"185-9794","Product Group185","62-7206"
"186-2044","Product Group186","80-6374"
"187-6953","Product Group187","65-5348"
"188-714","Product Group188","11-5177"
"189-9684","Product Group189","50-3601"
"190-3371","Product Group190","134-919"
"191-9731","Product Group191","156-4073"
"192-7298","Product Group192","81-2106"
"193-5739","Product Group193","144-7218"
"194-4285","Product Group194","28-2513"
"195-2561","Product Group195","151-5515"
"196-6998","Product Group196","3-1988"
"197-957","Product Group197","90-8431"
"198-7447","Product Group198","53-593"
"199-191","Product Group199","117-1335"
"200-1787","Product Group200","48-1484"
"201-4624","Product Group201","47-3582"
"202-6383","Product Group202","23-2553"
"203-9665","Product Group203","7-8936"
"204-5992","Product Group204","71-7642"
"205-1460","Product Group205","80-6374"
"206-2670","Product Group206","44-4194"
"207-2315","Product Group207","74-3058"
"208-588","Product Group208","27-6518"
"209-7017","Product Group209","51-6873"
"210-1346","Product Group210","75-2945"
"211-5140","Product Group211","130-4508"
"212-7433","Product Group212","38-6659"
"213-7187","Product Group213","18-4123"
"214-3367","Product Group214","85-3064"
"215-8170","Product Group215","145-6695"
"216-2391","Product Group216","159-1255"
"217-8527","Product Group217","17-2369"
"218-3053","Product Group218","153-8171"
"219-7051","Product Group219","86-5994"
"220-6915","Product Group220","126-9123"
"221-8190","Product Group221","1-3371"
"222-8506","Product Group222","128-6009"
"223-2756","Product Group223","117-1335"
"224-786","Product Group224","108-9060"
"225-5840","Product Group225","71-7642"
"226-5494","Product Group226","57-8152"
"227-8220","Product Group227","94-1973"
"228-3181","Product Group228","158-1428"
"229-4508","Product Group229","6-9755"
"230-4597","Product Group230","104-2182"
"231-9696","Product Group231","111-9182"
"232-2215","Product Group232","77-2847"
"233-5244","Product Group233","27-6518"
"234-1529","Product Group234","54-5556"
"235-9257","Product Group235","121-4159"
"236-7893","Product Group236","34-7640"
"237-6160","Product Group237","133-4750"
"238-9327","Product Group238","49-3485"
"239-1159","Product Group239","17-2369"
"240-4566","Product Group240","98-2569"
"241-4519","Product Group241","118-9397"
"242-7249","Product Group242","31-8699"
"243-5527","Product Group243","153-8171"
"244-103","Product Group244","21-4671"
"245-4145","Product Group245","132-6604"
"246-1794","Product Group246","133-4750"
"247-8524","Product Group247","165-72"
"248-9227","Product Group248","47-3582"
"249-6252","Product Group249","57-8152"
"250-7948","Product Group250","73-1474"
"251-431","Product Group251","123-2324"
"252-283","Product Group252","150-2298"
"253-847","Product Group253","83-1745"
"254-543","Product Group254","111-9182"
"255-9","Product Group255","137-8761"
"256-631","Product Group256","66-4138"
"257-388","Product Group257","166-6930"
"258-2379","Product Group258","47-3582"
"259-4426","Product Group259","1-3371"
"260-9041","Product Group260","67-1815"
"261-5090","Product Group261","44-4194"
"262-7030","Product Group262","101-7799"
"263-7257","Product Group263","15-5309"
"264-7004","Product Group264","138-9094"
"265-7151","Product Group265","13-1008"
"266-105","Product Group266","11-5177"
"267-1870","Product Group267","118-9397"
"268-6429","Product Group268","6-9755"
"269-8702","Product Group269","47-3582"
"270-3469","Product Group270","98-2569"
"271-6408","Product Group271","86-5994"
"272-2372","Product Group272","8-5417"
"273-8507","Product Group273","40-1338"
"274-4557","Product Group274","41-2783"
"275-6830","Product Group275","63-9536"
"276-2322","Product Group276","29-2843"
"277-8349","Product Group277","42-2846"
"278-7390","Product Group278","69-8583"
"279-2089","Product Group279","21-4671"
"280-7286","Product Group280","16-4232"
"281-4776","Product Group281","122-8235"
"282-7343","Product Group282","142-5730"
"283-5703","Product Group283","146-1199"
"284-2559","Product Group284","28-2513"
"285-5880","Product Group285","71-7642"
"286-3723","Product Group286","92-619"
"287-3545","Product Group287","96-439"
"288-1604","Product Group288","34-7640"
"289-4572","Product Group289","163-3192"
"290-1340","Product Group290","8-5417"
"291-8764","Product Group291","59-3566"
"292-209","Product Group292","118-9397"
"293-4689","Product Group293","23-2553"
"294-8273","Product Group294","155-3529"
"295-4141","Product Group295","35-9288"
"296-1402","Product Group296","16-4232"
"297-6498","Product Group297","129-5547"
"298-6433","Product Group298","47-3582"
"299-4160","Product Group299","135-6421"
"300-3686","Product Group300","60-7817"
"0-3696","Product0","170-7692"
"1-2172","Product1","209-7017"
"2-4669","Product2","295-4141"
"3-9836","Product3","160-2882"
"4-2342","Product4","165-4304"
"5-9831","Product5","295-4141"
"6-9881","Product6","210-1346"
"7-5451","Product7","177-2539"
"8-4307","Product8","244-103"
"9-7598","Product9","53-5155"
"10-3065","Product10","29-9951"
"11-3142","Product11","59-5054"
"12-412","Product12","95-1241"
"13-9224","Product13","161-7826"
"14-2730","Product14","138-3300"
"15-3971","Product15","120-7034"
"16-2073","Product16","115-4264"
"17-2136","Product17","88-8758"
"18-8581","Product18","54-1675"
"19-2303","Product19","206-2670"
"20-8716","Product20","81-3247"
"21-2811","Product21","240-4566"
"22-1152","Product22","230-4597"
"23-2799","Product23","96-2541"
"24-3206","Product24","247-8524"
"25-6717","Product25","129-9867"
"26-359","Product26","229-4508"
"27-6345","Product27","88-8758"
"28-2671","Product28","170-7692"
"29-591","Product29","104-1816"
"30-8216","Product30","1-8890"
"31-7953","Product31","134-1699"
"32-7611","Product32","125-5809"
"33-6335","Product33","92-5949"
"34-4122","Product34","274-4557"
"35-8359","Product35","198-7447"
"36-393","Product36","274-4557"
"37-4542","Product37","214-3367"
"38-6321","Product38","228-3181"
"39-6742","Product39","131-367"
"40-3776","Product40","205-1460"
"41-9550","Product41","240-4566"
"42-2671","Product42","194-4285"
"43-5995","Product43","127-1869"
"44-3883","Product44","248-9227"
"45-9369","Product45","192-7298"
"46-3045","Product46","173-4987"
"47-4650","Product47","222-8506"
"48-435","Product48","156-4720"
"49-9581","Product49","19-595"
"50-3556","Product50","67-2390"
"51-9306","Product51","71-7423"
"52-3338","Product52","266-105"
"53-2523","Product53","109-3557"
"54-9521","Product54","69-8514"
"55-2070","Product55","119-1125"
"56-7304","Product56","69-8514"
"57-9297","Product57","293-4689"
"58-812","Product58","141-6939"
"59-3153","Product59","158-6055"
"60-8544","Product60","74-8470"
"61-2564","Product61","52-6036"
"62-7208","Product62","156-4720"
"63-428","Product63","86-3133"
"64-8652","Product64","62-1479"
"65-6231","Product65","262-7030"
"66-6819","Product66","156-4720"
"67-5102","Product67","122-5278"
"68-3882","Product68","140-8637"
"69-5656","Product69","148-6512"
"70-9027","Product70","19-595"
"71-1862","Product71","166-4606"
"72-2107","Product72","50-8005"
"73-5323","Product73","270-3469"
"74-738","Product74","223-2756"
"75-3896","Product75","62-1479"
"76-3736","Product76","51-7050"
"77-6152","Product77","288-1604"
"78-5887","Product78","153-7200"
"79-3093","Product79","109-3557"
"80-8444","Product80","278-7390"
"81-4422","Product81","241-4519"
"82-3795","Product82","248-9227"
"83-266","Product83","177-2539"
"84-9608","Product84","201-4624"
"85-3764","Product85","56-9460"
"86-720","Product86","60-2317"
"87-532","Product87","191-9731"
"88-60","Product88","84-7110"
"89-2758","Product89","235-9257"
"90-4525","Product90","63-3014"
"91-4752","Product91","283-5703"
"92-4884","Product92","117-5903"
"93-4842","Product93","39-4757"
"94-3822","Product94","286-3723"
"95-5480","Product95","139-5871"
"96-8807","Product96","112-4368"
"97-5146","Product97","15-6510"
"98-8338","Product98","222-8506"
"99-6466","Product99","115-4264"
"100-2318","Product100","164-1735"
"101-8742","Product101","237-6160"
"102-6812","Product102","267-1870"
"103-9254","Product103","281-4776"
"104-3484","Product104","256-631"
"105-6655","Product105","288-1604"
"106-8080","Product106","18-7494"
"107-5298","Product107","239-1159"
"108-5548","Product108","85-932"
"109-518","Product109","180-4776"
"110-7317","Product110","59-5054"
"111-6059","Product111","86-3133"
"112-3438","Product112","81-3247"
"113-6961","Product113","26-6927"
"114-1851","Product114","139-5871"
"115-3091","Product115","95-1241"
"116-4617","Product116","268-6429"
"117-6641","Product117","85-932"
"118-8273","Product118","201-4624"
"119-101","Product119","169-7032"
"120-4074","Product120","51-7050"
"121-1955","Product121","273-8507"
"122-6076","Product122","210-1346"
"123-9877","Product123","172-4946"
"124-7508","Product124","160-2882"
"125-6934","Product125","212-7433"
"126-9766","Product126","234-1529"
"127-5160","Product127","141-6939"
"128-8776","Product128","183-3734"
"129-6994","Product129","60-2317"
"130-1109","Product130","216-2391"
"131-9756","Product131","300-3686"
"132-8709","Product132","82-5495"
"133-3823","Product133","17-1283"
"134-8464","Product134","77-9784"
"135-4626","Product135","251-431"
"136-1237","Product136","1-8890"
"137-9421","Product137","175-3237"
"138-7839","Product138","170-7692"
"139-9936","Product139","48-272"
"140-9887","Product140","47-2437"
"141-3350","Product141","246-1794"
"142-3585","Product142","91-1409"
"143-4060","Product143","268-6429"
"144-9592","Product144","158-6055"
"145-277","Product145","186-2044"
"146-9951","Product146","239-1159"
"147-7707","Product147","298-6433"
"148-3131","Product148","8-4517"
"149-8192","Product149","193-5739"
"150-2498","Product150","217-8527"
"151-1605","Product151","114-8426"
"152-3363","Product152","287-3545"
"153-4808","Product153","8-4517"
"154-4820","Product154","217-8527"
"155-4090","Product155","165-4304"
"156-8607","Product156","246-1794"
"157-6072","Product157","232-2215"
"158-8838","Product158","181-7997"
"159-7912","Product159","143-7736"
"160-667","Product160","97-3920"
"161-8737","Product161","17-1283"
"162-5455","Product162","69-8514"
"163-2197","Product163","33-9663"
"164-2089","Product164","130-9066"
"165-8165","Product165","200-1787"
"166-3407","Product166","105-1764"
"167-8123","Product167","87-621"
"168-6057","Product168","77-9784"
"169-2054","Product169","206-2670"
"170-3863","Product170","159-7634"
"171-8427","Product171","254-543"
"172-1540","Product172","256-631"
"173-6097","Product173","225-5840"
"174-4655","Product174","149-8091"
"175-9871","Product175","81-3247"
"176-5916","Product176","274-4557"
"177-102","Product177","98-6431"
"178-5317","Product178","263-7257"
"179-9509","Product179","200-1787"
"180-3993","Product180","207-2315"
"181-2364","Product181","205-1460"
"182-5641","Product182","122-5278"
"183-450","Product183","292-209"
"184-1118","Product184","201-4624"
"185-7165","Product185","5-9711"
"186-2309","Product186","43-7807"
"187-2482","Product187","292-209"
"188-3279","Product188","273-8507"
"189-3465","Product189","78-1718"
"190-5713","Product190","65-1911"
"191-6408","Product191","68-9066"
"192-4182","Product192","180-4776"
"193-1454","Product193","127-1869"
"194-3617","Product194","272-2372"
"195-5139","Product195","95-1241"
"196-9509","Product196","182-5572"
"197-5984","Product197","224-786"
"198-3537","Product198","41-563"
"199-8974","Product199","141-6939"
"200-8086","Product200","221-8190"
"201-6454","Product201","81-3247"
"202-382","Product202","66-7204"
"203-6451","Product203","143-7736"
"204-3342","Product204","8-4517"
"205-454","Product205","57-4833"
"206-2211","Product206","163-9316"
"207-2610","Product207","231-9696"
"208-7399","Product208","4-9533"
"209-6802","Product209","123-2813"
"210-9430","Product210","84-7110"
"211-9163","Product211","222-8506"
"212-9397","Product212","234-1529"
"213-9113","Product213","2-5288"
"214-2828","Product214","49-5891"
"215-241","Product215","119-1125"
"216-6893","Product216","0-6172"
"217-7726","Product217","52-6036"
"218-6756","Product218","73-742"
"219-3781","Product219","125-5809"
"220-8091","Product220","62-1479"
"221-5345","Product221","75-8711"
"222-2813","Product222","3-891"
"223-5903","Product223","218-3053"
"224-8522","Product224","152-8018"
"225-3753","Product225","156-4720"
"226-1788","Product226","105-1764"
"227-721","Product227","21-4924"
"228-10","Product228","105-1764"
"229-6762","Product229","215-8170"
"230-5501","Product230","139-5871"
"231-9199","Product231","131-367"
"232-8903","Product232","150-3054"
"233-6374","Product233","130-9066"
"234-3746","Product234","11-3628"
"235-4579","Product235","251-431"
"236-1344","Product236","6-5914"
"237-4687","Product237","100-3778"
"238-567","Product238","7-7996"
"239-4510","Product239","44-4018"
"240-1290","Product240","231-9696"
"241-9709","Product241","159-7634"
"242-4251","Product242","168-4504"
"243-6469","Product243","141-6939"
"244-4701","Product244","272-2372"
"245-4378","Product245","63-3014"
"246-3789","Product246","261-5090"
"247-9394","Product247","111-875"
"248-7323","Product248","9-1857"
"249-3165","Product249","9-1857"
"250-8177","Product250","294-8273"
"251-3368","Product251","271-6408"
"252-6748","Product252","154-2155"
"253-7287","Product253","146-5472"
"254-3442","Product254","26-6927"
"255-450","Product255","225-5840"
"256-4562","Product256","295-4141"
"257-9746","Product257","100-3778"
"258-7540","Product258","202-6383"
"259-4392","Product259","186-2044"
"260-1216","Product260","32-9696"
"261-4157","Product261","270-3469"
"262-8677","Product262","46-3379"
"263-4029","Product263","97-3920"
"264-3494","Product264","296-1402"
"265-3730","Product265","294-8273"
"266-7293","Product266","170-7692"
"267-2447","Product267","140-8637"
"268-9272","Product268","190-3371"
"269-5198","Product269","124-1671"
"270-5601","Product270","91-1409"
"271-1316","Product271","127-1869"
"272-2108","Product272","298-6433"
"273-8630","Product273","66-7204"
"274-9488","Product274","58-2167"
"275-6989","Product275","116-9493"
"276-4706","Product276","236-7893"
"277-589","Product277","212-7433"
"278-1","Product278","269-8702"
"279-3320","Product279","148-6512"
"280-2446","Product280","32-9696"
"281-5581","Product281","8-4517"
"282-4089","Product282","202-6383"
"283-4774","Product283","24-1677"
"284-398","Product284","40-885"
"285-9127","Product285","157-9965"
"286-3045","Product286","184-6784"
"287-9664","Product287","232-2215"
"288-7573","Product288","93-7177"
"289-4162","Product289","97-3920"
"290-5739","Product290","83-9446"
"291-6973","Product291","237-6160"
"292-9560","Product292","241-4519"
"293-5390","Product293","47-2437"
"294-1719","Product294","182-5572"
"295-5090","Product295","73-742"
"296-8496","Product296","142-6052"
"297-5764","Product297","262-7030"
"298-2776","Product298","138-3300"
"299-6397","Product299","247-8524"
"300-8421","Product300","265-7151"
"301-7391","Product301","125-5809"
"302-9611","Product302","39-4757"
"303-9065","Product303","262-7030"
"304-5570","Product304","208-588"
"305-8463","Product305","183-3734"
"306-8136","Product306","210-1346"
"307-8134","Product307","293-4689"
"308-259","Product308","178-8822"
"309-3911","Product309","35-9298"
"310-8542","Product310","66-7204"
"311-3632","Product311","79-1009"
"312-2897","Product312","53-5155"
"313-9170","Product313","101-3907"
"314-6443","Product314","277-8349"
"315-2492","Product315","213-7187"
"316-2483","Product316","28-7882"
"317-3952","Product317","205-1460"
"318-1710","Product318","72-4019"
"319-3704","Product319","276-2322"
"320-9372","Product320","185-9794"
"321-2249","Product321","148-6512"
"322-5299","Product322","21-4924"
"323-9131","Product323","213-7187"
"324-2502","Product324","105-1764"
"325-7045","Product325","242-7249"
"326-7972","Product326","35-9298"
"327-787","Product327","187-6953"
"328-6555","Product328","57-4833"
"329-8212","Product329","205-1460"
"330-4547","Product330","110-8905"
"331-9790","Product331","168-4504"
"332-7875","Product332","276-2322"
"333-6193","Product333","66-7204"
"334-1428","Product334","90-3071"
"335-2263","Product335","273-8507"
"336-6926","Product336","179-4321"
"337-6614","Product337","70-5906"
"338-3797","Product338","47-2437"
"339-6270","Product339","23-5783"
"340-915","Product340","247-8524"
"341-7880","Product341","217-8527"
"342-9717","Product342","245-4145"
"343-8912","Product343","200-1787"
"344-9987","Product344","108-3908"
"345-9445","Product345","266-105"
"346-6975","Product346","143-7736"
"347-9558","Product347","279-2089"
"348-9783","Product348","200-1787"
"349-8347","Product349","131-367"
"350-5266","Product350","295-4141"
"351-857","Product351","90-3071"
"352-5158","Product352","193-5739"
"353-8459","Product353","297-6498"
"354-6375","Product354","286-3723"
"355-6865","Product355","93-7177"
"356-3256","Product356","273-8507"
"357-6108","Product357","134-1699"
"358-5582","Product358","131-367"
"359-8305","Product359","44-4018"
"360-38","Product360","183-3734"
"361-3721","Product361","8-4517"
"362-8767","Product362","229-4508"
"363-4980","Product363","212-7433"
"364-9848","Product364","3-891"
"365-3475","Product365","68-9066"
"366-3791","Product366","212-7433"
"367-907","Product367","277-8349"
"368-5381","Product368","11-3628"
"369-2144","Product369","165-4304"
"370-3986","Product370","92-5949"
"371-8277","Product371","231-9696"
"372-582","Product372","20-6616"
"373-6787","Product373","48-272"
"374-5516","Product374","105-1764"
"375-5191","Product375","164-1735"
"376-2271","Product376","40-885"
"377-5073","Product377","191-9731"
"378-3051","Product378","263-7257"
"379-1703","Product379","137-1619"
"380-5702","Product380","129-9867"
"381-3632","Product381","198-7447"
"382-7801","Product382","163-9316"
"383-4265","Product383","240-4566"
"384-9900","Product384","126-2434"
"385-9912","Product385","125-5809"
"386-28","Product386","255-9"
"387-4999","Product387","264-7004"
"388-8300","Product388","10-6015"
"389-4027","Product389","42-9646"
"390-2120","Product390","35-9298"
"391-7180","Product391","186-2044"
"392-6920","Product392","15-6510"
"393-7553","Product393","236-7893"
"394-7576","Product394","5-9711"
"395-4518","Product395","293-4689"
"396-5804","Product396","262-7030"
"397-6115","Product397","57-4833"
"398-9997","Product398","253-847"
"399-1743","Product399","252-283"
"400-5692","Product400","184-6784"
"401-4882","Product401","116-9493"
"402-3846","Product402","244-103"
"403-4348","Product403","280-7286"
"404-4653","Product404","202-6383"
"405-285","Product405","174-1457"
"406-3675","Product406","165-4304"
"407-6291","Product407","31-9574"
"408-2327","Product408","113-4610"
"409-3909","Product409","42-9646"
"410-9281","Product410","176-9089"
"411-9933","Product411","6-5914"
"412-1861","Product412","293-4689"
"413-9996","Product413","242-7249"
"414-3469","Product414","175-3237"
"415-3661","Product415","3-891"
"416-6128","Product416","266-105"
"417-5223","Product417","76-3667"
"418-1512","Product418","251-431"
"419-2591","Product419","239-1159"
"420-381","Product420","136-72"
"421-6808","Product421","6-5914"
"422-5518","Product422","264-7004"
"423-6045","Product423","162-602"
"424-2744","Product424","267-1870"
"425-6193","Product425","35-9298"
"426-228","Product426","7-7996"
"427-8478","Product427","191-9731"
"428-6656","Product428","230-4597"
"429-7535","Product429","11-3628"
"430-4126","Product430","129-9867"
"431-9481","Product431","125-5809"
"432-6769","Product432","195-2561"
"433-459","Product433","107-5341"
"434-5096","Product434","70-5906"
"435-5954","Product435","78-1718"
"436-7011","Product436","229-4508"
"437-6050","Product437","156-4720"
"438-5999","Product438","268-6429"
"439-7567","Product439","145-8950"
"440-7033","Product440","294-8273"
"441-1308","Product441","212-7433"
"442-6162","Product442","67-2390"
"443-9920","Product443","24-1677"
"444-932","Product444","162-602"
"445-5670","Product445","196-6998"
"446-4071","Product446","279-2089"
"447-9233","Product447","142-6052"
"448-1717","Product448","221-8190"
"449-4102","Product449","135-8794"
"450-439","Product450","256-631"
"451-8442","Product451","13-8624"
"452-757","Product452","153-7200"
"453-1833","Product453","56-9460"
"454-4122","Product454","66-7204"
"455-3507","Product455","96-2541"
"456-3400","Product456","34-3707"
"457-8282","Product457","214-3367"
"458-1475","Product458","271-6408"
"459-881","Product459","39-4757"
"460-920","Product460","50-8005"
"461-6616","Product461","282-7343"
"462-9898","Product462","32-9696"
"463-9436","Product463","233-5244"
"464-1972","Product464","297-6498"
"465-1523","Product465","278-7390"
"466-2253","Product466","183-3734"
"467-8424","Product467","177-2539"
"468-8643","Product468","83-9446"
"469-7514","Product469","47-2437"
"470-4331","Product470","273-8507"
"471-8974","Product471","24-1677"
"472-2741","Product472","183-3734"
"473-1497","Product473","174-1457"
"474-7597","Product474","270-3469"
"475-1099","Product475","126-2434"
"476-8996","Product476","15-6510"
"477-284","Product477","30-8065"
"478-5072","Product478","116-9493"
"479-5005","Product479","139-5871"
"480-6649","Product480","25-1227"
"481-7720","Product481","172-4946"
"482-5024","Product482","142-6052"
"483-6252","Product483","38-4116"
"484-6363","Product484","203-9665"
"485-8878","Product485","26-6927"
"486-967","Product486","105-1764"
"487-7041","Product487","201-4624"
"488-9478","Product488","46-3379"
"489-2144","Product489","251-431"
"490-8091","Product490","97-3920"
"491-9699","Product491","122-5278"
"492-5815","Product492","213-7187"
"493-5045","Product493","285-5880"
"494-5104","Product494","272-2372"
"495-5586","Product495","277-8349"
"496-7526","Product496","60-2317"
"497-8203","Product497","182-5572"
"498-4201","Product498","32-9696"
"499-9853","Product499","13-8624"
"500-235","Product500","165-4304"
"501-1959","Product501","183-3734"
"502-6784","Product502","150-3054"
"503-7539","Product503","118-8966"
"504-5763","Product504","251-431"
"505-6492","Product505","74-8470"
"506-3769","Product506","51-7050"
"507-5997","Product507","167-7083"
"508-2221","Product508","230-4597"
"509-9491","Product509","4-9533"
"510-3442","Product510","148-6512"
"511-730","Product511","36-1695"
"512-1068","Product512","293-4689"
"513-1719","Product513","154-2155"
"514-1101","Product514","70-5906"
"515-3183","Product515","242-7249"
"516-4557","Product516","33-9663"
"517-2805","Product517","84-7110"
"518-4671","Product518","286-3723"
"519-9001","Product519","38-4116"
"520-1911","Product520","166-4606"
"521-260","Product521","157-9965"
"522-9483","Product522","47-2437"
"523-9501","Product523","129-9867"
"524-3764","Product524","289-4572"
"525-7119","Product525","260-9041"
"526-1117","Product526","192-7298"
"527-9672","Product527","125-5809"
"528-7383","Product528","152-8018"
"529-8315","Product529","210-1346"
"530-4944","Product530","56-9460"
"531-564","Product531","103-815"
"532-7639","Product532","193-5739"
"533-2062","Product533","248-9227"
"534-8306","Product534","39-4757"
"535-5781","Product535","229-4508"
"536-230","Product536","28-7882"
"537-8440","Product537","4-9533"
"538-9859","Product538","174-1457"
"539-4302","Product539","281-4776"
"540-9120","Product540","128-3956"
"541-2754","Product541","48-272"
"542-4531","Product542","221-8190"
"543-9422","Product543","113-4610"
"544-6337","Product544","39-4757"
"545-5126","Product545","266-105"
"546-7527","Product546","203-9665"
"547-1533","Product547","128-3956"
"548-6154","Product548","152-8018"
"549-1693","Product549","16-9248"
"550-2901","Product550","124-1671"
"551-3790","Product551","138-3300"
"552-7927","Product552","113-4610"
"553-8890","Product553","95-1241"
"554-4982","Product554","195-2561"
"555-1017","Product555","173-4987"
"556-433","Product556","157-9965"
"557-2312","Product557","247-8524"
"558-6507","Product558","116-9493"
"559-2726","Product559","66-7204"
"560-1669","Product560","170-7692"
"561-8632","Product561","110-8905"
"562-5330","Product562","93-7177"
"563-7690","Product563","171-5641"
"564-9726","Product564","264-7004"
"565-4785","Product565","54-1675"
"566-4177","Product566","13-8624"
"567-4403","Product567","191-9731"
"568-6732","Product568","229-4508"
"569-3138","Product569","197-957"
"570-6007","Product570","45-252"
"571-9416","Product571","101-3907"
"572-6926","Product572","139-5871"
"573-6711","Product573","122-5278"
"574-3963","Product574","110-8905"
"575-2445","Product575","148-6512"
"576-9489","Product576","24-1677"
"577-7902","Product577","69-8514"
"578-7833","Product578","128-3956"
"579-6250","Product579","101-3907"
"580-9594","Product580","195-2561"
"581-6186","Product581","114-8426"
"582-7909","Product582","134-1699"
"583-6890","Product583","112-4368"
"584-3393","Product584","27-9041"
"585-7765","Product585","200-1787"
"586-3110","Product586","35-9298"
"587-5381","Product587","56-9460"
"588-5962","Product588","220-6915"
"589-4601","Product589","127-1869"
"590-4942","Product590","72-4019"
"591-5210","Product591","62-1479"
"592-3012","Product592","23-5783"
"593-8186","Product593","291-8764"
"594-1672","Product594","40-885"
"595-23","Product595","285-5880"
"596-6423","Product596","6-5914"
"597-3033","Product597","91-1409"
"598-1874","Product598","30-8065"
"599-626","Product599","203-9665"
"600-1972","Product600","215-8170"
"601-7073","Product601","17-1283"
"602-5769","Product602","102-9767"
"603-6939","Product603","254-543"
"604-7987","Product604","203-9665"
"605-4474","Product605","269-8702"
"606-9705","Product606","93-7177"
"607-6133","Product607","213-7187"
"608-6469","Product608","171-5641"
"609-9821","Product609","264-7004"
"610-789","Product610","25-1227"
"611-3821","Product611","62-1479"
"612-295","Product612","277-8349"
"613-934","Product613","0-6172"
"614-43","Product614","50-8005"
"615-2297","Product615","184-6784"
"616-6332","Product616","0-6172"
"617-3000","Product617","183-3734"
"618-8357","Product618","125-5809"
"619-8650","Product619","57-4833"
"620-7473","Product620","253-847"
"621-8844","Product621","245-4145"
"622-2036","Product622","226-5494"
"623-4146","Product623","230-4597"
"624-7462","Product624","43-7807"
"625-315","Product625","100-3778"
"626-637","Product626","290-1340"
"627-9784","Product627","134-1699"
"628-9600","Product628","203-9665"
"629-2871","Product629","26-6927"
"630-6685","Product630","262-7030"
"631-277","Product631","40-885"
"632-4422","Product632","245-4145"
"633-6290","Product633","172-4946"
"634-4337","Product634","191-9731"
"635-1705","Product635","3-891"
"636-334","Product636","140-8637"
"637-3107","Product637","261-5090"
"638-6374","Product638","271-6408"
"639-6067","Product639","8-4517"
"640-739","Product640","164-1735"
"641-8655","Product641","47-2437"
"642-910","Product642","289-4572"
"643-8368","Product643","33-9663"
"644-2999","Product644","124-1671"
"645-4078","Product645","65-1911"
"646-2319","Product646","248-9227"
"647-5267","Product647","210-1346"
"648-5062","Product648","250-7948"
"649-2941","Product649","24-1677"
"650-9337","Product650","213-7187"
"651-806","Product651","8-4517"
"652-5697","Product652","45-252"
"653-600","Product653","210-1346"
"654-6492","Product654","214-3367"
"655-7120","Product655","151-1541"
"656-1268","Product656","300-3686"
"657-2140","Product657","217-8527"
"658-908","Product658","181-7997"
"659-9813","Product659","39-4757"
"660-8116","Product660","159-7634"
"661-7986","Product661","73-742"
"662-5323","Product662","178-8822"
"663-2467","Product663","110-8905"
"664-6376","Product664","243-5527"
"665-3673","Product665","157-9965"
"666-6182","Product666","300-3686"
"667-2385","Product667","155-1772"
"668-687","Product668","114-8426"
"669-9925","Product669","52-6036"
"670-2324","Product670","180-4776"
"671-4604","Product671","270-3469"
"672-7345","Product672","105-1764"
"673-3507","Product673","289-4572"
"674-3239","Product674","177-2539"
"675-587","Product675","37-842"
"676-6144","Product676","271-6408"
"677-9199","Product677","25-1227"
"678-4359","Product678","40-885"
"679-769","Product679","96-2541"
"680-8460","Product680","231-9696"
"681-3913","Product681","128-3956"
"682-7276","Product682","225-5840"
"683-6398","Product683","232-2215"
"684-6035","Product684","77-9784"
"685-681","Product685","197-957"
"686-408","Product686","297-6498"
"687-7269","Product687","136-72"
"688-2574","Product688","216-2391"
"689-9297","Product689","226-5494"
"690-2556","Product690","34-3707"
"691-6648","Product691","5-9711"
"692-4659","Product692","190-3371"
"693-7684","Product693","186-2044"
"694-6688","Product694","166-4606"
"695-6479","Product695","63-3014"
"696-5589","Product696","244-103"
"697-4519","Product697","58-2167"
"698-4226","Product698","142-6052"
"699-7038","Product699","182-5572"
"700-2747","Product700","44-4018"
"701-8006","Product701","60-2317"
"702-6973","Product702","259-4426"
"703-5167","Product703","292-209"
"704-4637","Product704","40-885"
"705-6073","Product705","94-1095"
"706-5471","Product706","210-1346"
"707-3052","Product707","198-7447"
"708-1928","Product708","256-631"
"709-8938","Product709","52-6036"
"710-6710","Product710","92-5949"
"711-4636","Product711","294-8273"
"712-7990","Product712","4-9533"
"713-7565","Product713","277-8349"
"714-5294","Product714","221-8190"
"715-3011","Product715","176-9089"
"716-8331","Product716","234-1529"
"717-6887","Product717","3-891"
"718-3925","Product718","251-431"
"719-624","Product719","64-8511"
"720-9840","Product720","55-381"
"721-1599","Product721","246-1794"
"722-7810","Product722","30-8065"
"723-217","Product723","54-1675"
"724-7767","Product724","198-7447"
"725-6086","Product725","78-1718"
"726-994","Product726","42-9646"
"727-7500","Product727","188-714"
"728-1743","Product728","74-8470"
"729-7524","Product729","131-367"
"730-6824","Product730","228-3181"
"731-3967","Product731","24-1677"
"732-6865","Product732","161-7826"
"733-8238","Product733","195-2561"
"734-4758","Product734","14-2559"
"735-1000","Product735","95-1241"
"736-3002","Product736","64-8511"
"737-1698","Product737","176-9089"
"738-864","Product738","294-8273"
"739-5045","Product739","121-5169"
"740-6666","Product740","172-4946"
"741-360","Product741","207-2315"
"742-2513","Product742","165-4304"
"743-1275","Product743","11-3628"
"744-3139","Product744","260-9041"
"745-3896","Product745","79-1009"
"746-8756","Product746","286-3723"
"747-1591","Product747","64-8511"
"748-7941","Product748","142-6052"
"749-8638","Product749","299-4160"
"750-2181","Product750","3-891"
"751-5526","Product751","210-1346"
"752-9150","Product752","12-9369"
"753-6622","Product753","191-9731"
"754-9800","Product754","87-621"
"755-9392","Product755","19-595"
"756-2929","Product756","220-6915"
"757-8953","Product757","5-9711"
"758-2899","Product758","288-1604"
"759-3090","Product759","158-6055"
"760-5920","Product760","178-8822"
"761-5297","Product761","290-1340"
"762-9814","Product762","64-8511"
"763-6011","Product763","17-1283"
"764-4737","Product764","75-8711"
"765-3932","Product765","280-7286"
"766-8759","Product766","153-7200"
"767-1613","Product767","240-4566"
"768-6530","Product768","101-3907"
"769-9","Product769","44-4018"
"770-1178","Product770","153-7200"
"771-8164","Product771","55-381"
"772-6259","Product772","279-2089"
"773-6224","Product773","245-4145"
"774-403","Product774","149-8091"
"775-732","Product775","214-3367"
"776-9200","Product776","110-8905"
"777-4862","Product777","256-631"
"778-7145","Product778","160-2882"
"779-4756","Product779","261-5090"
"780-5295","Product780","204-5992"
"781-3850","Product781","52-6036"
"782-1265","Product782","226-5494"
"783-2267","Product783","102-9767"
"784-3964","Product784","141-6939"
"785-5008","Product785","267-1870"
"786-4647","Product786","277-8349"
"787-8350","Product787","254-543"
"788-4898","Product788","12-9369"
"789-5365","Product789","241-4519"
"790-681","Product790","102-9767"
"791-7939","Product791","26-6927"
"792-4234","Product792","25-1227"
"793-1377","Product793","228-3181"
"794-2434","Product794","120-7034"
"795-1225","Product795","98-6431"
"796-1414","Product796","72-4019"
"797-9319","Product797","265-7151"
"798-7960","Product798","66-7204"
"799-6528","Product799","140-8637"
"800-9454","Product800","96-2541"
"801-5631","Product801","144-2713"
"802-6766","Product802","64-8511"
"803-7863","Product803","128-3956"
"804-5359","Product804","48-272"
"805-9705","Product805","16-9248"
"806-2376","Product806","156-4720"
"807-7044","Product807","160-2882"
"808-5670","Product808","250-7948"
"809-7153","Product809","240-4566"
"810-6882","Product810","22-4785"
"811-1971","Product811","277-8349"
"812-9561","Product812","74-8470"
"813-3351","Product813","182-5572"
"814-5117","Product814","261-5090"
"815-9086","Product815","8-4517"
"816-2733","Product816","29-9951"
"817-3148","Product817","93-7177"
"818-3452","Product818","86-3133"
"819-6658","Product819","175-3237"
"820-8245","Product820","107-5341"
"821-7515","Product821","38-4116"
"822-6747","Product822","69-8514"
"823-8536","Product823","43-7807"
"824-7990","Product824","164-1735"
"825-6896","Product825","192-7298"
"826-6669","Product826","70-5906"
"827-331","Product827","8-4517"
"828-161","Product828","229-4508"
"829-2694","Product829","294-8273"
"830-843","Product830","106-8197"
"831-1455","Product831","86-3133"
"832-4409","Product832","254-543"
"833-9360","Product833","217-8527"
"834-4035","Product834","242-7249"
"835-9629","Product835","285-5880"
"836-7254","Product836","43-7807"
"837-7226","Product837","242-7249"
"838-9896","Product838","295-4141"
"839-9734","Product839","263-7257"
"840-9854","Product840","286-3723"
"841-5807","Product841","102-9767"
"842-4848","Product842","177-2539"
"843-2983","Product843","209-7017"
"844-6660","Product844","171-5641"
"845-1447","Product845","182-5572"
"846-9720","Product846","160-2882"
"847-3162","Product847","83-9446"
"848-5837","Product848","64-8511"
"849-6144","Product849","68-9066"
"850-9748","Product850","294-8273"
"851-9669","Product851","101-3907"
"852-8456","Product852","66-7204"
"853-4976","Product853","35-9298"
"854-1100","Product854","252-283"
"855-28","Product855","44-4018"
"856-7992","Product856","174-1457"
"857-5070","Product857","136-72"
"858-7386","Product858","96-2541"
"859-4802","Product859","114-8426"
"860-6550","Product860","144-2713"
"861-9524","Product861","104-1816"
"862-9339","Product862","190-3371"
"863-7549","Product863","105-1764"
"864-9406","Product864","123-2813"
"865-8311","Product865","263-7257"
"866-1070","Product866","265-7151"
"867-8147","Product867","198-7447"
"868-537","Product868","89-6118"
"869-8545","Product869","295-4141"
"870-5124","Product870","123-2813"
"871-3770","Product871","277-8349"
"872-7270","Product872","52-6036"
"873-8230","Product873","8-4517"
"874-1723","Product874","248-9227"
"875-9603","Product875","24-1677"
"876-9964","Product876","201-4624"
"877-6877","Product877","136-72"
"878-8587","Product878","280-7286"
"879-1188","Product879","65-1911"
"880-5565","Product880","72-4019"
"881-9944","Product881","182-5572"
"882-1808","Product882","61-7280"
"883-4731","Product883","160-2882"
"884-9967","Product884","230-4597"
"885-608","Product885","205-1460"
"886-8218","Product886","214-3367"
"887-7693","Product887","232-2215"
"888-2923","Product888","139-5871"
"889-8755","Product889","219-7051"
"890-1952","Product890","225-5840"
"891-9296","Product891","167-7083"
"892-1443","Product892","127-1869"
"893-242","Product893","88-8758"
"894-8887","Product894","72-4019"
"895-4990","Product895","280-7286"
"896-9473","Product896","121-5169"
"897-3237","Product897","127-1869"
"898-2235","Product898","111-875"
"899-582","Product899","17-1283"
"900-7623","Product900","288-1604"
"901-9966","Product901","196-6998"
"902-9903","Product902","194-4285"
"903-4956","Product903","276-2322"
"904-2870","Product904","88-8758"
"905-9980","Product905","143-7736"
"906-874","Product906","299-4160"
"907-1132","Product907","50-8005"
"908-8487","Product908","275-6830"
"909-9624","Product909","279-2089"
"910-2498","Product910","223-2756"
"911-5598","Product911","168-4504"
"912-8230","Product912","237-6160"
"913-8700","Product913","0-6172"
"914-4894","Product914","290-1340"
"915-7608","Product915","30-8065"
"916-3637","Product916","36-1695"
"917-3148","Product917","260-9041"
"918-3914","Product918","173-4987"
"919-4803","Product919","224-786"
"920-3755","Product920","80-3832"
"921-2892","Product921","9-1857"
"922-5450","Product922","154-2155"
"923-9002","Product923","271-6408"
"924-5643","Product924","153-7200"
"925-121","Product925","298-6433"
"926-7613","Product926","178-8822"
"927-4064","Product927","118-8966"
"928-3164","Product928","252-283"
"929-6065","Product929","104-1816"
"930-3461","Product930","74-8470"
"931-4625","Product931","144-2713"
"932-2554","Product932","90-3071"
"933-3274","Product933","55-381"
"934-4343","Product934","42-9646"
"935-9127","Product935","197-957"
"936-1269","Product936","288-1604"
"937-6889","Product937","274-4557"
"938-9636","Product938","206-2670"
"939-5915","Product939","280-7286"
"940-8807","Product940","58-2167"
"941-4414","Product941","260-9041"
"942-3668","Product942","22-4785"
"943-5390","Product943","29-9951"
"944-9220","Product944","140-8637"
"945-677","Product945","161-7826"
"946-7864","Product946","173-4987"
"947-2464","Product947","204-5992"
"948-9647","Product948","153-7200"
"949-319","Product949","185-9794"
"950-9392","Product950","227-8220"
"951-456","Product951","41-563"
"952-1741","Product952","49-5891"
"953-3577","Product953","182-5572"
"954-8827","Product954","18-7494"
"955-9797","Product955","209-7017"
"956-9218","Product956","273-8507"
"957-5027","Product957","200-1787"
"958-369","Product958","272-2372"
"959-974","Product959","78-1718"
"960-1680","Product960","68-9066"
"961-1648","Product961","168-4504"
"962-9932","Product962","90-3071"
"963-7099","Product963","271-6408"
"964-2290","Product964","139-5871"
"965-2085","Product965","244-103"
"966-2296","Product966","244-103"
"967-8234","Product967","124-1671"
"968-2746","Product968","201-4624"
"969-436","Product969","49-5891"
"970-6955","Product970","202-6383"
"971-3264","Product971","34-3707"
"972-7249","Product972","212-7433"
"973-2148","Product973","25-1227"
"974-6219","Product974","241-4519"
"975-3999","Product975","83-9446"
"976-6609","Product976","120-7034"
"977-908","Product977","91-1409"
"978-1452","Product978","60-2317"
"979-2137","Product979","77-9784"
"980-6237","Product980","121-5169"
"981-7669","Product981","138-3300"
"982-7655","Product982","258-2379"
"983-2236","Product983","153-7200"
"984-2145","Product984","197-957"
"985-5879","Product985","96-2541"
"986-6413","Product986","104-1816"
"987-8096","Product987","43-7807"
"988-7141","Product988","46-3379"
"989-4383","Product989","156-4720"
"990-2810","Product990","153-7200"
"991-1080","Product991","182-5572"
"992-7646","Product992","3-891"
"993-7514","Product993","71-7423"
"994-2948","Product994","189-9684"
"995-8277","Product995","189-9684"
"996-1270","Product996","111-875"
"997-5548","Product997","100-3778"
"998-877","Product998","53-5155"
"999-4768","Product999","135-8794"
